barcode,price,Stock,name,product_code,Image1,Image2,Image3,Image4,Image5,product_id
8697603650439,83.83,31,Andız Pekmezi Cam Kavanoz 450 Gr,Lokman-34153,http://cdn1.xmlbankasi.com/p1/lokman/image/data/resimler/andiz-pekmezi-450gr-3724.jpg,http://cdn1.xmlbankasi.com/p1/lokman/image/data/resimler/andiz-pekmezi-450gr-3725.jpg,http://cdn1.xmlbankasi.com/p1/lokman/image/data/resimler/andiz-pekmezi-450gr-3726.jpg,http://cdn1.xmlbankasi.com/p1/lokman/image/data/resimler/andiz-pekmezi-450gr-13109.jpg,http://cdn1.xmlbankasi.com/p1/lokman/image/data/resimler/andiz-pekmezi-450gr-13110.jpg,8
8697603650736,63.63,17,Nar Ekşili Sos Pet Şişe 500 Gr,Lokman-34127,http://cdn1.xmlbankasi.com/p1/lokman/image/data/resimler/nar-eksili-sos-500gr-5135.jpg,http://cdn1.xmlbankasi.com/p1/lokman/image/data/resimler/nar-eksili-sos-500gr-5136.jpg,http://cdn1.xmlbankasi.com/p1/lokman/image/data/resimler/nar-eksili-sos-500gr-5137.jpg,http://cdn1.xmlbankasi.com/p1/lokman/image/data/resimler/nar-eksili-sos-500gr-16747.jpg,http://cdn1.xmlbankasi.com/p1/lokman/image/data/resimler/nar-eksili-sos-500gr-16748.jpg,9
8697603650774,83.83,16,Nar Ekşisi Natural Cam Şişe 300 Gr,Lokman-34129,http://cdn1.xmlbankasi.com/p1/lokman/image/data/resimler/nar-eksisi-natural-300gr-3733.jpg,http://cdn1.xmlbankasi.com/p1/lokman/image/data/resimler/nar-eksisi-natural-300gr-3734.jpg,http://cdn1.xmlbankasi.com/p1/lokman/image/data/resimler/nar-eksisi-natural-300gr-3735.jpg,http://cdn1.xmlbankasi.com/p1/lokman/image/data/resimler/nar-eksisi-natural-300gr-14526.jpg,http://cdn1.xmlbankasi.com/p1/lokman/image/data/resimler/nar-eksisi-natural-300gr-14527.jpg,11
8697451925024,67.67,29,Nar Ekşisi Sosu Pet Şişe 1000 ML,LOKMAN-9000,http://cdn1.xmlbankasi.com/p1/lokman/image/data/resimler/nar-eksisi-sosu-1000ml-4171.jpg,http://cdn1.xmlbankasi.com/p1/lokman/image/data/resimler/nar-eksisi-sosu-1000ml-4172.jpg,http://cdn1.xmlbankasi.com/p1/lokman/image/data/resimler/nar-eksisi-sosu-1000ml-4173.jpg,http://cdn1.xmlbankasi.com/p1/lokman/image/data/resimler/nar-eksisi-sosu-1000ml-16049.jpg,http://cdn1.xmlbankasi.com/p1/lokman/image/data/resimler/nar-eksisi-sosu-1000ml-16050.jpg,12
8697958021106,105.04,46,Keçiboynuzu Pekmezi Harnup Pekmezi Cam Kavanoz 800 Gr,Lokman-70001,http://cdn1.xmlbankasi.com/p1/lokman/image/data/resimler/keciboynuzu-harnup-pekmezi-800gr-4692.jpg,http://cdn1.xmlbankasi.com/p1/lokman/image/data/resimler/keciboynuzu-harnup-pekmezi-800gr-4693.jpg,http://cdn1.xmlbankasi.com/p1/lokman/image/data/resimler/keciboynuzu-harnup-pekmezi-800gr-4694.jpg,http://cdn1.xmlbankasi.com/p1/lokman/image/data/resimler/keciboynuzu-harnup-pekmezi-800gr-13201.jpg,http://cdn1.xmlbankasi.com/p1/lokman/image/data/resimler/keciboynuzu-harnup-pekmezi-800gr-13202.jpg,14
8680057300029,75.65,27,Bitkisel Karışım 10 ML,LokmanAVM-100743X01,http://cdn1.xmlbankasi.com/p1/lokman/image/data/resimler/black-berry-bitkisel-karisim-10ml-3692.jpg,http://cdn1.xmlbankasi.com/p1/lokman/image/data/resimler/black-berry-bitkisel-karisim-10ml-3693.jpg,http://cdn1.xmlbankasi.com/p1/lokman/image/data/resimler/black-berry-bitkisel-karisim-10ml-3694.jpg,http://cdn1.xmlbankasi.com/p1/lokman/image/data/resimler/black-berry-bitkisel-karisim-10ml-3695.jpg,http://cdn1.xmlbankasi.com/p1/lokman/image/data/resimler/bitkisel-karisim-10-ml-16155.jpg,17
8697603637249,108.07,5,Enginarlı Karışık Bitkisel Çay 100 Gr Teneke Kutu,Lokman-34095,http://cdn1.xmlbankasi.com/p1/lokman/image/data/resimler/enginarli-karisik-cay-100gr-tnk-3736.jpg,http://cdn1.xmlbankasi.com/p1/lokman/image/data/resimler/enginarli-karisik-cay-100gr-tnk-3737.jpg,http://cdn1.xmlbankasi.com/p1/lokman/image/data/resimler/enginarli-karisik-cay-100gr-tnk-3738.jpg,http://cdn1.xmlbankasi.com/p1/lokman/image/data/resimler/enginarli-karisik-bitkisel-cay-100gr-tnk-12945.jpg,http://cdn1.xmlbankasi.com/p1/lokman/image/data/resimler/enginarli-karisik-bitkisel-cay-100gr-tnk-12946.jpg,18
8697603635740,108.07,6,Kara Halileli Karışık Bitkisel Çay 100Gr Teneke Kutu,Lokman-34096,http://cdn1.xmlbankasi.com/p1/lokman/image/data/resimler/kara-halileli-karisik-cay-100gr-tnk-3739.jpg,http://cdn1.xmlbankasi.com/p1/lokman/image/data/resimler/kara-halileli-karisik-cay-100gr-tnk-3740.jpg,http://cdn1.xmlbankasi.com/p1/lokman/image/data/resimler/kara-halileli-karisik-cay-100gr-tnk-3741.jpg,http://cdn1.xmlbankasi.com/p1/lokman/image/data/resimler/kara-halileli-karisik-bitkisel-cay-100gr-tnk-13521.jpg,http://cdn1.xmlbankasi.com/p1/lokman/image/data/resimler/kara-halileli-karisik-bitkisel-cay-100gr-tnk-13522.jpg,19
8697603637645,101,3,Rezeneli Karışık Bitkisel Çay 100 Gr Teneke Kutu,Lokman-34097,http://cdn1.xmlbankasi.com/p1/lokman/image/data/resimler/rezeneli-karisik-cay-100gr-tnk-3742.jpg,http://cdn1.xmlbankasi.com/p1/lokman/image/data/resimler/rezeneli-karisik-cay-100gr-tnk-3743.jpg,http://cdn1.xmlbankasi.com/p1/lokman/image/data/resimler/rezeneli-karisik-cay-100gr-tnk-3744.jpg,http://cdn1.xmlbankasi.com/p1/lokman/image/data/resimler/rezeneli-karisik-bitkisel-cay-100gr-tnk-13518.jpg,http://cdn1.xmlbankasi.com/p1/lokman/image/data/resimler/rezeneli-karisik-bitkisel-cay-100gr-tnk-13519.jpg,20
8697603637447,108.07,7,Isırganlı Karışık Bitkisel Çay 100 Gr Teneke Kutu,Lokman-34094,http://cdn1.xmlbankasi.com/p1/lokman/image/data/resimler/isirganli-karisik-cay-100gr-tnk-3745.jpg,http://cdn1.xmlbankasi.com/p1/lokman/image/data/resimler/isirganli-karisik-cay-100gr-tnk-3746.jpg,http://cdn1.xmlbankasi.com/p1/lokman/image/data/resimler/isirganli-karisik-cay-100gr-tnk-3747.jpg,http://cdn1.xmlbankasi.com/p1/lokman/image/data/resimler/isirganli-karisik-bitkisel-cay-100gr-tnk-13515.jpg,http://cdn1.xmlbankasi.com/p1/lokman/image/data/resimler/isirganli-karisik-bitkisel-cay-100gr-tnk-13516.jpg,22
8904033600034,42.42,82,Kestane Hint Kınası (Chestnut Henna) 10 Gr Paket,Lokman-34144,http://cdn1.xmlbankasi.com/p1/lokman/image/data/resimler/kestane-hint-kinasi-10gr-4201.jpg,http://cdn1.xmlbankasi.com/p1/lokman/image/data/resimler/kestane-hint-kinasi-10gr-4203.jpg,http://cdn1.xmlbankasi.com/p1/lokman/image/data/resimler/kestane-hint-kinasi-10gr-4205.jpg,http://cdn1.xmlbankasi.com/p1/lokman/image/data/resimler/kestane-hint-kinasi-10gr-pkt-13765.jpg,http://cdn1.xmlbankasi.com/p1/lokman/image/data/resimler/kestane-hint-kinasi-10gr-pkt-13766.jpg,24
8697603633746,64.54,6,Ekinezya Bitki Çayı Doğal 50 Gr Teneke Kutu,Lokman-34103,http://cdn1.xmlbankasi.com/p1/lokman/image/data/resimler/ekinezya-bitki-cayi-50gr-tnk-3748.jpg,http://cdn1.xmlbankasi.com/p1/lokman/image/data/resimler/ekinezya-bitki-cayi-50gr-tnk-3749.jpg,http://cdn1.xmlbankasi.com/p1/lokman/image/data/resimler/ekinezya-bitki-cayi-50gr-tnk-3750.jpg,http://cdn1.xmlbankasi.com/p1/lokman/image/data/resimler/ekinezya-bitki-cayi-50gr-tnk-13777.jpg,http://cdn1.xmlbankasi.com/p1/lokman/image/data/resimler/ekinezya-bitki-cayi-50gr-tnk-13778.jpg,25
8697603614165,30.3,96,Doğal Saf Naturel Toz Kına 25 Gr Paket,Lokman-34148,http://cdn1.xmlbankasi.com/p1/lokman/image/data/resimler/kina-25gr-4206.jpg,http://cdn1.xmlbankasi.com/p1/lokman/image/data/resimler/kina-25gr-4207.jpg,http://cdn1.xmlbankasi.com/p1/lokman/image/data/resimler/kina-25gr-4208.jpg,http://cdn1.xmlbankasi.com/p1/lokman/image/data/resimler/kina-25gr-4209.jpg,http://cdn1.xmlbankasi.com/p1/lokman/image/data/resimler/kina-25gr-13763.jpg,43
<P>&nbsp;</P>,,,,,,,,,,
8901810000513,43.23,38,Amber Kokulu 20 Çubuk Tütsü - Amber,LOKMANAVM-35153,http://cdn1.xmlbankasi.com/p1/lokman/image/data/resimler/amber-kokulu-tutsu-20li-4256.jpg,http://cdn1.xmlbankasi.com/p1/lokman/image/data/resimler/amber-kokulu-tutsu-20li-4257.jpg,http://cdn1.xmlbankasi.com/p1/lokman/image/data/resimler/amber-kokulu-20-cubuk-tutsu-amber-14586.jpg,http://cdn1.xmlbankasi.com/p1/lokman/image/data/resimler/amber-kokulu-20-cubuk-tutsu-amber-14587.jpg,http://cdn1.xmlbankasi.com/p1/lokman/image/data/resimler/amber-kokulu-20-cubuk-tutsu-amber-14588.jpg,49
8901810003040,43.23,27,Kırmızı Elma Kokulu 20 Çubuk Tütsü - Red Apple,LOKMANAVM-35169,http://cdn1.xmlbankasi.com/p1/lokman/image/data/resimler/kirmizi-elma-kokulu-20-cubuk-tutsu-red-apple-10258.jpg,http://cdn1.xmlbankasi.com/p1/lokman/image/data/resimler/kirmizi-elma-kokulu-20-cubuk-tutsu-red-apple-10259.jpg,http://cdn1.xmlbankasi.com/p1/lokman/image/data/resimler/kirmizi-elma-kokulu-20-cubuk-tutsu-red-apple-17202.jpg,http://cdn1.xmlbankasi.com/p1/lokman/image/data/resimler/kirmizi-elma-kokulu-20-cubuk-tutsu-red-apple-17203.jpg,http://cdn1.xmlbankasi.com/p1/lokman/image/data/resimler/kirmizi-elma-kokulu-20-cubuk-tutsu-red-apple-17204.jpg,50
8901810000018,43.23,18,Gül Kokulu 20 Çubuk Tütsü - Rose,LOKMANAVM-35156,http://cdn1.xmlbankasi.com/p1/lokman/image/data/resimler/gul-kokulu-20-cubuk-tutsu-rose-10252.jpg,http://cdn1.xmlbankasi.com/p1/lokman/image/data/resimler/gul-kokulu-20-cubuk-tutsu-rose-10253.jpg,http://cdn1.xmlbankasi.com/p1/lokman/image/data/resimler/gul-kokulu-20-cubuk-tutsu-rose-17198.jpg,http://cdn1.xmlbankasi.com/p1/lokman/image/data/resimler/gul-kokulu-20-cubuk-tutsu-rose-17199.jpg,http://cdn1.xmlbankasi.com/p1/lokman/image/data/resimler/gul-kokulu-20-cubuk-tutsu-rose-17200.jpg,52
8901810006089,43.23,35,Gül Elma Kokulu 20 Çubuk Tütsü - Rose Apple,Lokman-35170,http://cdn1.xmlbankasi.com/p1/lokman/image/data/resimler/gul-elma-kokulu-20-cubuk-tutsu-rose-apple-10249.jpg,http://cdn1.xmlbankasi.com/p1/lokman/image/data/resimler/gul-elma-kokulu-20-cubuk-tutsu-rose-apple-10250.jpg,http://cdn1.xmlbankasi.com/p1/lokman/image/data/resimler/gul-elma-kokulu-20-cubuk-tutsu-rose-apple-17194.jpg,http://cdn1.xmlbankasi.com/p1/lokman/image/data/resimler/gul-elma-kokulu-20-cubuk-tutsu-rose-apple-17195.jpg,http://cdn1.xmlbankasi.com/p1/lokman/image/data/resimler/gul-elma-kokulu-20-cubuk-tutsu-rose-apple-17196.jpg,53
8697603643530,60.6,23,Kekik Suyu Pet Şişe 1500 ML,Lokman-34124,http://cdn1.xmlbankasi.com/p1/lokman/image/data/resimler/kekik-suyu-1500ml-3751.jpg,http://cdn1.xmlbankasi.com/p1/lokman/image/data/resimler/kekik-suyu-1500ml-3752.jpg,http://cdn1.xmlbankasi.com/p1/lokman/image/data/resimler/kekik-suyu-1500ml-3753.jpg,http://cdn1.xmlbankasi.com/p1/lokman/image/data/resimler/kekik-suyu-1500ml-3754.jpg,http://cdn1.xmlbankasi.com/p1/lokman/image/data/resimler/kekik-suyu-1500ml-13780.jpg,55
8901810003101,43.23,51,Kamasutra Erotika 20 Çubuk Tütsü - Kamasutra,LOKMANAVM-35216,http://cdn1.xmlbankasi.com/p1/lokman/image/data/resimler/kamasutra-tutsu-20li-4283.jpg,http://cdn1.xmlbankasi.com/p1/lokman/image/data/resimler/kamasutra-tutsu-20li-4284.jpg,http://cdn1.xmlbankasi.com/p1/lokman/image/data/resimler/kamasutra-erotika-20-cubuk-tutsu-kamasutra-17186.jpg,http://cdn1.xmlbankasi.com/p1/lokman/image/data/resimler/kamasutra-erotika-20-cubuk-tutsu-kamasutra-17187.jpg,http://cdn1.xmlbankasi.com/p1/lokman/image/data/resimler/kamasutra-erotika-20-cubuk-tutsu-kamasutra-17188.jpg,56
8690442004012,61.81,106,Kekik Suyu Pet Şişe 1500 ML,Lokman-34125,http://cdn1.xmlbankasi.com/p1/lokman/image/data/resimler/kekik-suyu-1500ml-4943.jpg,http://cdn1.xmlbankasi.com/p1/lokman/image/data/resimler/kekik-suyu-1500ml-4944.jpg,http://cdn1.xmlbankasi.com/p1/lokman/image/data/resimler/kekik-suyu-1500ml-4945.jpg,http://cdn1.xmlbankasi.com/p1/lokman/image/data/resimler/kekik-suyu-1500ml-4946.jpg,http://cdn1.xmlbankasi.com/p1/lokman/image/data/resimler/kekik-suyu-1500ml-16740.jpg,57
8901810000223,43.23,46,Karanfil Kokulu 20 Çubuk Tütsü - Clove,LOKMANAVM-35159,http://cdn1.xmlbankasi.com/p1/lokman/image/data/resimler/karanfil-kokulu-20-cubuk-tutsu-clove-10246.jpg,http://cdn1.xmlbankasi.com/p1/lokman/image/data/resimler/karanfil-kokulu-20-cubuk-tutsu-clove-10247.jpg,http://cdn1.xmlbankasi.com/p1/lokman/image/data/resimler/karanfil-kokulu-20-cubuk-tutsu-clove-13177.jpg,http://cdn1.xmlbankasi.com/p1/lokman/image/data/resimler/karanfil-kokulu-20-cubuk-tutsu-clove-13178.jpg,http://cdn1.xmlbankasi.com/p1/lokman/image/data/resimler/karanfil-kokulu-20-cubuk-tutsu-clove-13179.jpg,58
8901810000896,43.23,46,Limon Kokulu 20 Çubuk Tütsü - Lemon,LOKMANAVM-35228,http://cdn1.xmlbankasi.com/p1/lokman/image/data/resimler/limon-kokulu-20-cubuk-tutsu-lemon-10240.jpg,http://cdn1.xmlbankasi.com/p1/lokman/image/data/resimler/limon-kokulu-20-cubuk-tutsu-lemon-10241.jpg,http://cdn1.xmlbankasi.com/p1/lokman/image/data/resimler/limon-kokulu-20-cubuk-tutsu-lemon-17182.jpg,http://cdn1.xmlbankasi.com/p1/lokman/image/data/resimler/limon-kokulu-20-cubuk-tutsu-lemon-17183.jpg,http://cdn1.xmlbankasi.com/p1/lokman/image/data/resimler/limon-kokulu-20-cubuk-tutsu-lemon-17184.jpg,61
8901810001596,43.23,14,Menekşe Kokulu 20 Çubuk Tütsü - Violet,LOKMANAVM-35231,http://cdn1.xmlbankasi.com/p1/lokman/image/data/resimler/menekse-kokulu-tutsu-20li-4306.jpg,http://cdn1.xmlbankasi.com/p1/lokman/image/data/resimler/menekse-kokulu-tutsu-20li-4308.jpg,http://cdn1.xmlbankasi.com/p1/lokman/image/data/resimler/menekse-kokulu-20-cubuk-tutsu-violet-17178.jpg,http://cdn1.xmlbankasi.com/p1/lokman/image/data/resimler/menekse-kokulu-20-cubuk-tutsu-violet-17179.jpg,http://cdn1.xmlbankasi.com/p1/lokman/image/data/resimler/menekse-kokulu-20-cubuk-tutsu-violet-17180.jpg,62
8901810001046,43.23,81,Fragrance Mistik Aromatik Kokulu 20 Çubuk Tütsü - Precious Fragrance,LOKMANAVM-35168,http://cdn1.xmlbankasi.com/p1/lokman/image/data/resimler/mistik-fragrance-aromatik-tutsu-20li-4311.jpg,http://cdn1.xmlbankasi.com/p1/lokman/image/data/resimler/mistik-fragrance-aromatik-tutsu-20li-4312.jpg,http://cdn1.xmlbankasi.com/p1/lokman/image/data/resimler/fragrance-mistik-aromatik-kokulu-20-cubuk-tutsu-precious-fragrance-17174.jpg,http://cdn1.xmlbankasi.com/p1/lokman/image/data/resimler/fragrance-mistik-aromatik-kokulu-20-cubuk-tutsu-precious-fragrance-17175.jpg,http://cdn1.xmlbankasi.com/p1/lokman/image/data/resimler/fragrance-mistik-aromatik-kokulu-20-cubuk-tutsu-precious-fragrance-17176.jpg,65
8699336433228,57.57,22,Kaş ve Kirpik Bakım Yağı 10 ML,Lokman-34915,http://cdn1.xmlbankasi.com/p1/lokman/image/data/resimler/kas-ve-kirpik-bakim-yagi-10ml-9972.jpg,http://cdn1.xmlbankasi.com/p1/lokman/image/data/resimler/kas-ve-kirpik-bakim-yagi-10ml-9973.jpg,http://cdn1.xmlbankasi.com/p1/lokman/image/data/resimler/kas-ve-kirpik-bakim-yagi-10ml-9974.jpg,http://cdn1.xmlbankasi.com/p1/lokman/image/data/resimler/kas-ve-kirpik-bakim-yagi-10ml-9975.jpg,http://cdn1.xmlbankasi.com/p1/lokman/image/data/resimler/kas-ve-kirpik-bakim-yagi-10ml-17990.jpg,66
8901810000001,43.23,57,Chandan Değerli Mistik Kokulu 20 Çubuk Tütsü - Precious Chandan,LOKMANAVM-35171,http://cdn1.xmlbankasi.com/p1/lokman/image/data/resimler/mistik-tutsu-chandan-degerli-20li-4315.jpg,http://cdn1.xmlbankasi.com/p1/lokman/image/data/resimler/mistik-tutsu-chandan-degerli-20li-4316.jpg,http://cdn1.xmlbankasi.com/p1/lokman/image/data/resimler/chandan-degerli-mistik-kokulu-20-cubuk-tutsu-precious-chandan-17170.jpg,http://cdn1.xmlbankasi.com/p1/lokman/image/data/resimler/chandan-degerli-mistik-kokulu-20-cubuk-tutsu-precious-chandan-17171.jpg,http://cdn1.xmlbankasi.com/p1/lokman/image/data/resimler/chandan-degerli-mistik-kokulu-20-cubuk-tutsu-precious-chandan-17172.jpg,67
8901810006140,43.23,18,Gül Vanilya Kokulu 20 Çubuk Tütsü - Rose Vanilla,Lokman-35207,http://cdn1.xmlbankasi.com/p1/lokman/image/data/resimler/gul-vanilya-kokulu-20-cubuk-tutsu-rose-vanilla-10237.jpg,http://cdn1.xmlbankasi.com/p1/lokman/image/data/resimler/gul-vanilya-kokulu-20-cubuk-tutsu-rose-vanilla-10238.jpg,http://cdn1.xmlbankasi.com/p1/lokman/image/data/resimler/gul-vanilya-kokulu-20-cubuk-tutsu-rose-vanilla-17166.jpg,http://cdn1.xmlbankasi.com/p1/lokman/image/data/resimler/gul-vanilya-kokulu-20-cubuk-tutsu-rose-vanilla-17167.jpg,http://cdn1.xmlbankasi.com/p1/lokman/image/data/resimler/gul-vanilya-kokulu-20-cubuk-tutsu-rose-vanilla-17168.jpg,68
8901810000636,43.23,22,Gül Misk Kokulu 20 Çubuk Tütsü - Rose Musk,Lokman-35210,http://cdn1.xmlbankasi.com/p1/lokman/image/data/resimler/gul-misk-kokulu-20-cubuk-tutsu-rose-musk-10234.jpg,http://cdn1.xmlbankasi.com/p1/lokman/image/data/resimler/gul-misk-kokulu-20-cubuk-tutsu-rose-musk-10235.jpg,http://cdn1.xmlbankasi.com/p1/lokman/image/data/resimler/gul-misk-kokulu-20-cubuk-tutsu-rose-musk-17162.jpg,http://cdn1.xmlbankasi.com/p1/lokman/image/data/resimler/gul-misk-kokulu-20-cubuk-tutsu-rose-musk-17163.jpg,http://cdn1.xmlbankasi.com/p1/lokman/image/data/resimler/gul-misk-kokulu-20-cubuk-tutsu-rose-musk-17164.jpg,69
8901810001848,43.23,21,Karışık Gül Çiçek Kokulu 20 Çubuk Tütsü - Potpourri,LOKMANAVM-35221,http://cdn1.xmlbankasi.com/p1/lokman/image/data/resimler/karisik-gul-cicek-kokulu-20-cubuk-tutsu-potpourri-10231.jpg,http://cdn1.xmlbankasi.com/p1/lokman/image/data/resimler/karisik-gul-cicek-kokulu-20-cubuk-tutsu-potpourri-10232.jpg,http://cdn1.xmlbankasi.com/p1/lokman/image/data/resimler/karisik-gul-cicek-kokulu-20-cubuk-tutsu-potpourri-17158.jpg,http://cdn1.xmlbankasi.com/p1/lokman/image/data/resimler/karisik-gul-cicek-kokulu-20-cubuk-tutsu-potpourri-17159.jpg,http://cdn1.xmlbankasi.com/p1/lokman/image/data/resimler/karisik-gul-cicek-kokulu-20-cubuk-tutsu-potpourri-17160.jpg,70
8697434460030,301.99,75,Çin Yağı 25 ML - Yüzde 100 Saf Doğal Nane Yağı,Lokman-16523,http://cdn1.xmlbankasi.com/p1/lokman/image/data/resimler/cin-yagi-25ml-3703.jpg,http://cdn1.xmlbankasi.com/p1/lokman/image/data/resimler/cin-yagi-25ml-3704.jpg,http://cdn1.xmlbankasi.com/p1/lokman/image/data/resimler/cin-yagi-25ml-3705.jpg,http://cdn1.xmlbankasi.com/p1/lokman/image/data/resimler/cin-yagi-25ml-3706.jpg,http://cdn1.xmlbankasi.com/p1/lokman/image/data/resimler/cin-yagi-25ml-3707.jpg,73
8901810000025,43.23,32,Yasemin Değerli Mogra Kokulu 20 Çubuk Tütsü - Precious Mogra,LOKMANAVM-35249,http://cdn1.xmlbankasi.com/p1/lokman/image/data/resimler/yasemin-degerli-mogra-kokulu-20-cubuk-tutsu-precious-mogra-10222.jpg,http://cdn1.xmlbankasi.com/p1/lokman/image/data/resimler/yasemin-degerli-mogra-kokulu-20-cubuk-tutsu-precious-mogra-10223.jpg,http://cdn1.xmlbankasi.com/p1/lokman/image/data/resimler/yasemin-degerli-mogra-kokulu-20-cubuk-tutsu-precious-mogra-17146.jpg,http://cdn1.xmlbankasi.com/p1/lokman/image/data/resimler/yasemin-degerli-mogra-kokulu-20-cubuk-tutsu-precious-mogra-17147.jpg,http://cdn1.xmlbankasi.com/p1/lokman/image/data/resimler/yasemin-degerli-mogra-kokulu-20-cubuk-tutsu-precious-mogra-17148.jpg,74
8697603623594,53.53,1,Çörek Otu Doğal Öğütülmüş Teneke Kutu 150 Gr,Lokman-34107,http://cdn1.xmlbankasi.com/p1/lokman/image/data/resimler/corekotu-ogutulmus-150gr-tnk-3755.jpg,http://cdn1.xmlbankasi.com/p1/lokman/image/data/resimler/corekotu-ogutulmus-150gr-tnk-3756.jpg,http://cdn1.xmlbankasi.com/p1/lokman/image/data/resimler/corekotu-ogutulmus-150gr-tnk-3757.jpg,http://cdn1.xmlbankasi.com/p1/lokman/image/data/resimler/corekotu-ogutulmus-150gr-tnk-16737.jpg,http://cdn1.xmlbankasi.com/p1/lokman/image/data/resimler/corekotu-ogutulmus-150gr-tnk-16738.jpg,76
8901810004498,43.23,14,Vahşi Orkide Kokulu 20 Çubuk Tütsü - Wild Orchids,LOKMANAVM-35246,http://cdn1.xmlbankasi.com/p1/lokman/image/data/resimler/vahsi-orkide-kokulu-20-cubuk-tutsu-wild-orchids-10216.jpg,http://cdn1.xmlbankasi.com/p1/lokman/image/data/resimler/vahsi-orkide-kokulu-20-cubuk-tutsu-wild-orchids-10217.jpg,http://cdn1.xmlbankasi.com/p1/lokman/image/data/resimler/vahsi-orkide-kokulu-20-cubuk-tutsu-wild-orchids-13316.jpg,http://cdn1.xmlbankasi.com/p1/lokman/image/data/resimler/vahsi-orkide-kokulu-20-cubuk-tutsu-wild-orchids-13317.jpg,http://cdn1.xmlbankasi.com/p1/lokman/image/data/resimler/vahsi-orkide-kokulu-20-cubuk-tutsu-wild-orchids-13318.jpg,77
8901810001725,43.23,12,Sandal Tarçın Kokulu 20 Çubuk Tütsü - Sandal Cinnamon,Lokman-35174,http://cdn1.xmlbankasi.com/p1/lokman/image/data/resimler/sandal-tarcin-kokulu-tutsu-20li-4351.jpg,http://cdn1.xmlbankasi.com/p1/lokman/image/data/resimler/sandal-tarcin-kokulu-tutsu-20li-4353.jpg,http://cdn1.xmlbankasi.com/p1/lokman/image/data/resimler/sandal-tarcin-kokulu-20-cubuk-tutsu-sandal-cinnamon-17138.jpg,http://cdn1.xmlbankasi.com/p1/lokman/image/data/resimler/sandal-tarcin-kokulu-20-cubuk-tutsu-sandal-cinnamon-17139.jpg,http://cdn1.xmlbankasi.com/p1/lokman/image/data/resimler/sandal-tarcin-kokulu-20-cubuk-tutsu-sandal-cinnamon-17140.jpg,78
8697603637348,108.07,9,Ekinezyalı Karışık Bitkisel Çay 100 Gr Teneke Kutu,Lokman-34093,http://cdn1.xmlbankasi.com/p1/lokman/image/data/resimler/ekinezyali-karisik-cay-100gr-tnk-3758.jpg,http://cdn1.xmlbankasi.com/p1/lokman/image/data/resimler/ekinezyali-karisik-cay-100gr-tnk-3759.jpg,http://cdn1.xmlbankasi.com/p1/lokman/image/data/resimler/ekinezyali-karisik-cay-100gr-tnk-3760.jpg,http://cdn1.xmlbankasi.com/p1/lokman/image/data/resimler/ekinezyali-karisik-bitkisel-cay-100gr-tnk-13783.jpg,http://cdn1.xmlbankasi.com/p1/lokman/image/data/resimler/ekinezyali-karisik-bitkisel-cay-100gr-tnk-13784.jpg,79
8901810006164,43.23,35,Sandal Ağacı Kokulu 20 Çubuk Tütsü - Sandalwood,LOKMANAVM-35177,http://cdn1.xmlbankasi.com/p1/lokman/image/data/resimler/sandal-agaci-kokulu-20-cubuk-tutsu-sandalwood-5496.jpg,http://cdn1.xmlbankasi.com/p1/lokman/image/data/resimler/sandal-agaci-kokulu-20-cubuk-tutsu-sandalwood-5495.jpg,http://cdn1.xmlbankasi.com/p1/lokman/image/data/resimler/sandal-agaci-kokulu-20-cubuk-tutsu-sandalwood-5497.jpg,http://cdn1.xmlbankasi.com/p1/lokman/image/data/resimler/sandal-agaci-kokulu-20-cubuk-tutsu-sandalwood-13313.jpg,http://cdn1.xmlbankasi.com/p1/lokman/image/data/resimler/sandal-agaci-kokulu-20-cubuk-tutsu-sandalwood-13314.jpg,80
8901810000490,43.23,105,Sandal Ağacı Kokulu 20 Çubuk Tütsü - Sandalo,LOKMANAVM-35180,http://cdn1.xmlbankasi.com/p1/lokman/image/data/resimler/sandal-agaci-tutsu-sandalo-20li-4360.jpg,http://cdn1.xmlbankasi.com/p1/lokman/image/data/resimler/sandal-agaci-tutsu-sandalo-20li-4361.jpg,http://cdn1.xmlbankasi.com/p1/lokman/image/data/resimler/sandal-agaci-kokulu-20-cubuk-tutsu-sandalo-17134.jpg,http://cdn1.xmlbankasi.com/p1/lokman/image/data/resimler/sandal-agaci-kokulu-20-cubuk-tutsu-sandalo-17135.jpg,http://cdn1.xmlbankasi.com/p1/lokman/image/data/resimler/sandal-agaci-kokulu-20-cubuk-tutsu-sandalo-17136.jpg,81
8901810000933,43.23,60,Sedir Ağacı Kokulu 20 Çubuk Tütsü - Cedar,LOKMANAVM-35240,http://cdn1.xmlbankasi.com/p1/lokman/image/data/resimler/sedir-agaci-kokulu-20-cubuk-tutsu-cedar-10213.jpg,http://cdn1.xmlbankasi.com/p1/lokman/image/data/resimler/sedir-agaci-kokulu-20-cubuk-tutsu-cedar-10214.jpg,http://cdn1.xmlbankasi.com/p1/lokman/image/data/resimler/sedir-agaci-kokulu-20-cubuk-tutsu-cedar-13309.jpg,http://cdn1.xmlbankasi.com/p1/lokman/image/data/resimler/sedir-agaci-kokulu-20-cubuk-tutsu-cedar-13310.jpg,http://cdn1.xmlbankasi.com/p1/lokman/image/data/resimler/sedir-agaci-kokulu-20-cubuk-tutsu-cedar-13311.jpg,82
8901810000230,43.23,12,Tarçın Kokulu 20 Çubuk Tütsü - Cinnamon,LOKMANAVM-35195,http://cdn1.xmlbankasi.com/p1/lokman/image/data/resimler/tarcin-kokulu-20-cubuk-tutsu-cinnamon-10210.jpg,http://cdn1.xmlbankasi.com/p1/lokman/image/data/resimler/tarcin-kokulu-20-cubuk-tutsu-cinnamon-10211.jpg,http://cdn1.xmlbankasi.com/p1/lokman/image/data/resimler/tarcin-kokulu-20-cubuk-tutsu-cinnamon-17130.jpg,http://cdn1.xmlbankasi.com/p1/lokman/image/data/resimler/tarcin-kokulu-20-cubuk-tutsu-cinnamon-17131.jpg,http://cdn1.xmlbankasi.com/p1/lokman/image/data/resimler/tarcin-kokulu-20-cubuk-tutsu-cinnamon-17132.jpg,83
8901810001299,43.23,39,Tabac 20 Çubuk Tütsü,LOKMANAVM-35243,http://cdn1.xmlbankasi.com/p1/lokman/image/data/resimler/tabac-20-cubuk-tutsu-10207.jpg,http://cdn1.xmlbankasi.com/p1/lokman/image/data/resimler/tabac-20-cubuk-tutsu-10208.jpg,http://cdn1.xmlbankasi.com/p1/lokman/image/data/resimler/tabac-20-cubuk-tutsu-17126.jpg,http://cdn1.xmlbankasi.com/p1/lokman/image/data/resimler/tabac-20-cubuk-tutsu-17127.jpg,http://cdn1.xmlbankasi.com/p1/lokman/image/data/resimler/tabac-20-cubuk-tutsu-17128.jpg,85
8901810000216,43.23,22,Vanilya Kokulu 20 Çubuk Tütsü - Vanilla,LOKMANAVM-35185,http://cdn1.xmlbankasi.com/p1/lokman/image/data/resimler/vanilya-kokulu-tutsu-20li-4376.jpg,http://cdn1.xmlbankasi.com/p1/lokman/image/data/resimler/vanilya-kokulu-tutsu-20li-4377.jpg,http://cdn1.xmlbankasi.com/p1/lokman/image/data/resimler/vanilya-kokulu-20-cubuk-tutsu-vanilla-17122.jpg,http://cdn1.xmlbankasi.com/p1/lokman/image/data/resimler/vanilya-kokulu-20-cubuk-tutsu-vanilla-17123.jpg,http://cdn1.xmlbankasi.com/p1/lokman/image/data/resimler/vanilya-kokulu-20-cubuk-tutsu-vanilla-17124.jpg,86
8901810000391,43.23,24,Yasemin Kokulu 20 Çubuk Tütsü - Jasmine,LOKMANAVM-35189,http://cdn1.xmlbankasi.com/p1/lokman/image/data/resimler/yasemin-kokulu-20-cubuk-tutsu-jasmine-10204.jpg,http://cdn1.xmlbankasi.com/p1/lokman/image/data/resimler/yasemin-kokulu-20-cubuk-tutsu-jasmine-10205.jpg,http://cdn1.xmlbankasi.com/p1/lokman/image/data/resimler/yasemin-kokulu-20-cubuk-tutsu-jasmine-13167.jpg,http://cdn1.xmlbankasi.com/p1/lokman/image/data/resimler/yasemin-kokulu-20-cubuk-tutsu-jasmine-13168.jpg,http://cdn1.xmlbankasi.com/p1/lokman/image/data/resimler/yasemin-kokulu-20-cubuk-tutsu-jasmine-13169.jpg,87
8697711700743,168.67,8,Güneş Sütü Çocuklar 50 Faktör SPF 150 ML,Lokman-36011,http://cdn1.xmlbankasi.com/p1/lokman/image/data/resimler/gunes-sutu-cocuklar-50-faktor-spf-200ml-3125.jpg,http://cdn1.xmlbankasi.com/p1/lokman/image/data/resimler/gunes-sutu-cocuklar-50-faktor-spf-200ml-3126.jpg,http://cdn1.xmlbankasi.com/p1/lokman/image/data/resimler/gunes-sutu-cocuklar-50-faktor-spf-200ml-3127.jpg,http://cdn1.xmlbankasi.com/p1/lokman/image/data/resimler/gunes-sutu-cocuklar-50-faktor-spf-200ml-3128.jpg,http://cdn1.xmlbankasi.com/p1/lokman/image/data/resimler/gunes-sutu-cocuklar-50-faktor-spf-150-ml-17479.jpg,88
8901810001244,43.23,36,Yağmur Ormanı Kokulu 20 Çubuk Tütsü - Rain Forest,LOKMANAVM-35184,http://cdn1.xmlbankasi.com/p1/lokman/image/data/resimler/yagmur-ormani-tutsu-20li-4384.jpg,http://cdn1.xmlbankasi.com/p1/lokman/image/data/resimler/yagmur-ormani-tutsu-20li-4385.jpg,http://cdn1.xmlbankasi.com/p1/lokman/image/data/resimler/yagmur-ormani-kokulu-20-cubuk-tutsu-rain-forest-16063.jpg,http://cdn1.xmlbankasi.com/p1/lokman/image/data/resimler/yagmur-ormani-kokulu-20-cubuk-tutsu-rain-forest-16064.jpg,http://cdn1.xmlbankasi.com/p1/lokman/image/data/resimler/yagmur-ormani-kokulu-20-cubuk-tutsu-rain-forest-16065.jpg,89
8901810001839,43.23,23,Yeşil Çay Kokulu 20 Çubuk Tütsü - Green Tea,LOKMANAVM-35173,http://cdn1.xmlbankasi.com/p1/lokman/image/data/resimler/yesilcay-kokulu-20-cubuk-tutsu-green-tea-10201.jpg,http://cdn1.xmlbankasi.com/p1/lokman/image/data/resimler/yesilcay-kokulu-20-cubuk-tutsu-green-tea-10202.jpg,http://cdn1.xmlbankasi.com/p1/lokman/image/data/resimler/yesilcay-kokulu-20-cubuk-tutsu-green-tea-17118.jpg,http://cdn1.xmlbankasi.com/p1/lokman/image/data/resimler/yesilcay-kokulu-20-cubuk-tutsu-green-tea-17119.jpg,http://cdn1.xmlbankasi.com/p1/lokman/image/data/resimler/yesilcay-kokulu-20-cubuk-tutsu-green-tea-17120.jpg,90
8901810000643,43.23,23,Zambak Kokulu 20 Çubuk Tütsü - Lily,LOKMANAVM-35165,http://cdn1.xmlbankasi.com/p1/lokman/image/data/resimler/zambak-kokulu-tutsu-20li-4391.jpg,http://cdn1.xmlbankasi.com/p1/lokman/image/data/resimler/zambak-kokulu-tutsu-20li-4392.jpg,http://cdn1.xmlbankasi.com/p1/lokman/image/data/resimler/zambak-kokulu-20-cubuk-tutsu-lily-13786.jpg,http://cdn1.xmlbankasi.com/p1/lokman/image/data/resimler/zambak-kokulu-20-cubuk-tutsu-lily-13787.jpg,http://cdn1.xmlbankasi.com/p1/lokman/image/data/resimler/zambak-kokulu-20-cubuk-tutsu-lily-13788.jpg,91
8901810002296,43.23,46,Zencefil Kokulu 20 Çubuk Tütsü - Jengibre,LOKMANAVM-35208,http://cdn1.xmlbankasi.com/p1/lokman/image/data/resimler/zencefil-kokulu-tutsu-20li-4395.jpg,http://cdn1.xmlbankasi.com/p1/lokman/image/data/resimler/zencefil-kokulu-tutsu-20li-4396.jpg,http://cdn1.xmlbankasi.com/p1/lokman/image/data/resimler/zencefil-kokulu-20-cubuk-tutsu-jengibre-17114.jpg,http://cdn1.xmlbankasi.com/p1/lokman/image/data/resimler/zencefil-kokulu-20-cubuk-tutsu-jengibre-17115.jpg,http://cdn1.xmlbankasi.com/p1/lokman/image/data/resimler/zencefil-kokulu-20-cubuk-tutsu-jengibre-17116.jpg,92
8901810000957,43.23,25,Çam Kokulu 20 Çubuk Tütsü - Pine,LOKMANAVM-35198,http://cdn1.xmlbankasi.com/p1/lokman/image/data/resimler/cam-kokulu-20-cubuk-tutsu-pine-10198.jpg,http://cdn1.xmlbankasi.com/p1/lokman/image/data/resimler/cam-kokulu-20-cubuk-tutsu-pine-10199.jpg,http://cdn1.xmlbankasi.com/p1/lokman/image/data/resimler/cam-kokulu-20-cubuk-tutsu-pine-16059.jpg,http://cdn1.xmlbankasi.com/p1/lokman/image/data/resimler/cam-kokulu-20-cubuk-tutsu-pine-16060.jpg,http://cdn1.xmlbankasi.com/p1/lokman/image/data/resimler/cam-kokulu-20-cubuk-tutsu-pine-16061.jpg,93
8901810002678,43.23,30,Çikolata Kokulu 20 Çubuk Tütsü - Chocolate,LOKMANAVM-35201,http://cdn1.xmlbankasi.com/p1/lokman/image/data/resimler/cikolata-kokulu-20-cubuk-tutsu-chocolate-10192.jpg,http://cdn1.xmlbankasi.com/p1/lokman/image/data/resimler/cikolata-kokulu-20-cubuk-tutsu-chocolate-10193.jpg,http://cdn1.xmlbankasi.com/p1/lokman/image/data/resimler/cikolata-kokulu-20-cubuk-tutsu-chocolate-16055.jpg,http://cdn1.xmlbankasi.com/p1/lokman/image/data/resimler/cikolata-kokulu-20-cubuk-tutsu-chocolate-16056.jpg,http://cdn1.xmlbankasi.com/p1/lokman/image/data/resimler/cikolata-kokulu-20-cubuk-tutsu-chocolate-16057.jpg,94
8901810000131,43.23,17,Çilek Kokulu 20 Çubuk Tütsü - Strawberry,LOKMANAVM-35192,http://cdn1.xmlbankasi.com/p1/lokman/image/data/resimler/cilek-kokulu-20-cubuk-tutsu-strawberry-10189.jpg,http://cdn1.xmlbankasi.com/p1/lokman/image/data/resimler/cilek-kokulu-20-cubuk-tutsu-strawberry-10190.jpg,http://cdn1.xmlbankasi.com/p1/lokman/image/data/resimler/cilek-kokulu-20-cubuk-tutsu-strawberry-17110.jpg,http://cdn1.xmlbankasi.com/p1/lokman/image/data/resimler/cilek-kokulu-20-cubuk-tutsu-strawberry-17111.jpg,http://cdn1.xmlbankasi.com/p1/lokman/image/data/resimler/cilek-kokulu-20-cubuk-tutsu-strawberry-17112.jpg,95
8694557923077,85.85,5,Padişah Macunu Cam Kavanoz 450 Gr,LOKMAN-9002,http://cdn1.xmlbankasi.com/p1/lokman/image/data/resimler/padisah-macunu-450gr-4174.jpg,http://cdn1.xmlbankasi.com/p1/lokman/image/data/resimler/padisah-macunu-450gr-4175.jpg,http://cdn1.xmlbankasi.com/p1/lokman/image/data/resimler/padisah-macunu-450gr-4176.jpg,http://cdn1.xmlbankasi.com/p1/lokman/image/data/resimler/padisah-macunu-450gr-4177.jpg,http://cdn1.xmlbankasi.com/p1/lokman/image/data/resimler/padisah-macunu-450gr-16735.jpg,96
8901810001213,43.23,16,Zambak Vadisi Kokulu 20 Çubuk Tütsü - Lily Of The Valley,LOKMANAVM-35213,http://cdn1.xmlbankasi.com/p1/lokman/image/data/resimler/zambak-vadisi-kokulu-20-cubuk-tutsu-lily-of-the-valley-10195.jpg,http://cdn1.xmlbankasi.com/p1/lokman/image/data/resimler/zambak-vadisi-kokulu-20-cubuk-tutsu-lily-of-the-valley-10196.jpg,http://cdn1.xmlbankasi.com/p1/lokman/image/data/resimler/zambak-vadisi-kokulu-20-cubuk-tutsu-lily-of-the-valley-17106.jpg,http://cdn1.xmlbankasi.com/p1/lokman/image/data/resimler/zambak-vadisi-kokulu-20-cubuk-tutsu-lily-of-the-valley-17107.jpg,http://cdn1.xmlbankasi.com/p1/lokman/image/data/resimler/zambak-vadisi-kokulu-20-cubuk-tutsu-lily-of-the-valley-17108.jpg,97
8901810007123,43.23,19,İris Süsen Çiçeği Kokulu 20 Çubuk Tütsü - Iris,LOKMANAVM-35219,http://cdn1.xmlbankasi.com/p1/lokman/image/data/resimler/iris-susen-cicegi-kokulu-tutsu-20li-4412.jpg,http://cdn1.xmlbankasi.com/p1/lokman/image/data/resimler/iris-susen-cicegi-kokulu-tutsu-20li-4413.jpg,http://cdn1.xmlbankasi.com/p1/lokman/image/data/resimler/iris-susen-cicegi-kokulu-20-cubuk-tutsu-iris-13305.jpg,http://cdn1.xmlbankasi.com/p1/lokman/image/data/resimler/iris-susen-cicegi-kokulu-20-cubuk-tutsu-iris-13306.jpg,http://cdn1.xmlbankasi.com/p1/lokman/image/data/resimler/iris-susen-cicegi-kokulu-20-cubuk-tutsu-iris-13307.jpg,98
8697603617456,33.32,65,Saf Doğal Damla Sakızı 1 Gr Paket,Lokman-34147,http://cdn1.xmlbankasi.com/p1/lokman/image/data/resimler/damla-sakizi-1gr-3761.jpg,http://cdn1.xmlbankasi.com/p1/lokman/image/data/resimler/damla-sakizi-1gr-3762.jpg,http://cdn1.xmlbankasi.com/p1/lokman/image/data/resimler/damla-sakizi-1gr-3763.jpg,http://cdn1.xmlbankasi.com/p1/lokman/image/data/resimler/damla-sakizi-1gr-pkt-13790.jpg,http://cdn1.xmlbankasi.com/p1/lokman/image/data/resimler/damla-sakizi-1gr-pkt-13791.jpg,100
8697603626854,37.87,19,Kekik Doğal Yemeklik 50 Gr Paket,Lokman-34059,http://cdn1.xmlbankasi.com/p1/lokman/image/data/resimler/kekik-otu-pkt-50gr-3764.jpg,http://cdn1.xmlbankasi.com/p1/lokman/image/data/resimler/kekik-otu-pkt-50gr-3765.jpg,http://cdn1.xmlbankasi.com/p1/lokman/image/data/resimler/kekik-otu-pkt-50gr-3766.jpg,http://cdn1.xmlbankasi.com/p1/lokman/image/data/resimler/kekik-otu-pkt-50gr-13793.jpg,http://cdn1.xmlbankasi.com/p1/lokman/image/data/resimler/kekik-otu-pkt-50gr-13794.jpg,102
8697603620357,35.35,24,Adaçayı Doğal 50 Gr Paket,Lokman-34038,http://cdn1.xmlbankasi.com/p1/lokman/image/data/resimler/adacayi-50gr-pkt-3767.jpg,http://cdn1.xmlbankasi.com/p1/lokman/image/data/resimler/adacayi-50gr-pkt-3768.jpg,http://cdn1.xmlbankasi.com/p1/lokman/image/data/resimler/adacayi-50gr-pkt-3769.jpg,http://cdn1.xmlbankasi.com/p1/lokman/image/data/resimler/adacayi-50gr-pkt-13796.jpg,http://cdn1.xmlbankasi.com/p1/lokman/image/data/resimler/adacayi-50gr-pkt-13797.jpg,104
8697603620654,37.37,28,Doğal Alıç Yaprağı 50 Gr Paket,Lokman-34040,http://cdn1.xmlbankasi.com/p1/lokman/image/data/resimler/alic-yapragi-50gr-pkt-3770.jpg,http://cdn1.xmlbankasi.com/p1/lokman/image/data/resimler/alic-yapragi-50gr-pkt-3771.jpg,http://cdn1.xmlbankasi.com/p1/lokman/image/data/resimler/alic-yapragi-50gr-pkt-3772.jpg,http://cdn1.xmlbankasi.com/p1/lokman/image/data/resimler/alic-yapragi-50gr-pkt-13799.jpg,http://cdn1.xmlbankasi.com/p1/lokman/image/data/resimler/alic-yapragi-50gr-pkt-13800.jpg,105
8697603621156,36.86,36,Doğal Aslanpençesi Otu 50 Gr Paket,Lokman-34041,http://cdn1.xmlbankasi.com/p1/lokman/image/data/resimler/aslanpencesi-otu-50gr-pkt-3773.jpg,http://cdn1.xmlbankasi.com/p1/lokman/image/data/resimler/aslanpencesi-otu-50gr-pkt-3774.jpg,http://cdn1.xmlbankasi.com/p1/lokman/image/data/resimler/aslanpencesi-otu-50gr-pkt-3775.jpg,http://cdn1.xmlbankasi.com/p1/lokman/image/data/resimler/aslanpencesi-otu-50gr-pkt-13802.jpg,http://cdn1.xmlbankasi.com/p1/lokman/image/data/resimler/aslanpencesi-otu-50gr-pkt-13803.jpg,106
8697603621354,35.35,57,Avakado Yaprağı Doğal 50 Gr Paket,Lokman-34042,http://cdn1.xmlbankasi.com/p1/lokman/image/data/resimler/avokado-yapragi-50gr-pkt-3776.jpg,http://cdn1.xmlbankasi.com/p1/lokman/image/data/resimler/avokado-yapragi-50gr-pkt-3777.jpg,http://cdn1.xmlbankasi.com/p1/lokman/image/data/resimler/avokado-yapragi-50gr-pkt-3778.jpg,http://cdn1.xmlbankasi.com/p1/lokman/image/data/resimler/avokado-yapragi-50gr-pkt-13805.jpg,http://cdn1.xmlbankasi.com/p1/lokman/image/data/resimler/avokado-yapragi-50gr-pkt-13806.jpg,107
<P>&nbsp;</P>,,,,,,,,,,
8697603621859,35.1,17,Biberiye Doğal 50 Gr Paket,Lokman-34044,http://cdn1.xmlbankasi.com/p1/lokman/image/data/resimler/biberiye-50gr-pkt-3782.jpg,http://cdn1.xmlbankasi.com/p1/lokman/image/data/resimler/biberiye-50gr-pkt-3783.jpg,http://cdn1.xmlbankasi.com/p1/lokman/image/data/resimler/biberiye-50gr-pkt-3784.jpg,http://cdn1.xmlbankasi.com/p1/lokman/image/data/resimler/biberiye-50gr-pkt-13811.jpg,http://cdn1.xmlbankasi.com/p1/lokman/image/data/resimler/biberiye-50gr-pkt-13812.jpg,109
8697603653751,37.37,32,Doğal Civanperçemi Otu 50 Gr Paket,Lokman-34045,http://cdn1.xmlbankasi.com/p1/lokman/image/data/resimler/civanpercemi-otu-50gr-pkt-3785.jpg,http://cdn1.xmlbankasi.com/p1/lokman/image/data/resimler/civanpercemi-otu-50gr-pkt-3786.jpg,http://cdn1.xmlbankasi.com/p1/lokman/image/data/resimler/civanpercemi-otu-50gr-pkt-3787.jpg,http://cdn1.xmlbankasi.com/p1/lokman/image/data/resimler/civanpercemi-otu-50gr-pkt-13814.jpg,http://cdn1.xmlbankasi.com/p1/lokman/image/data/resimler/civanpercemi-otu-50gr-pkt-13815.jpg,110
8697603622856,35.35,64,Çoban Çantası Otu Doğal 50 Gr Paket,Lokman-34046,http://cdn1.xmlbankasi.com/p1/lokman/image/data/resimler/coban-cantasi-otu-50gr-pkt-3788.jpg,http://cdn1.xmlbankasi.com/p1/lokman/image/data/resimler/coban-cantasi-otu-50gr-pkt-3789.jpg,http://cdn1.xmlbankasi.com/p1/lokman/image/data/resimler/coban-cantasi-otu-50gr-pkt-3790.jpg,http://cdn1.xmlbankasi.com/p1/lokman/image/data/resimler/coban-cantasi-otu-50gr-pkt-15017.jpg,http://cdn1.xmlbankasi.com/p1/lokman/image/data/resimler/coban-cantasi-otu-50gr-pkt-15018.jpg,111
8697603624157,34.34,19,Doğal Defne Yaprağı 50 Gr Paket,Lokman-34048,http://cdn1.xmlbankasi.com/p1/lokman/image/data/resimler/defne-yapragi-50gr-pkt-3791.jpg,http://cdn1.xmlbankasi.com/p1/lokman/image/data/resimler/defne-yapragi-50gr-pkt-3792.jpg,http://cdn1.xmlbankasi.com/p1/lokman/image/data/resimler/defne-yapragi-50gr-pkt-3793.jpg,http://cdn1.xmlbankasi.com/p1/lokman/image/data/resimler/defne-yapragi-50gr-pkt-13817.jpg,http://cdn1.xmlbankasi.com/p1/lokman/image/data/resimler/defne-yapragi-50gr-pkt-13818.jpg,112
8697603624553,33.32,72,Ebegümeci Otu Doğal 50 Gr Paket,Lokman-34049,http://cdn1.xmlbankasi.com/p1/lokman/image/data/resimler/ebegumeci-otu-50gr-pkt-3794.jpg,http://cdn1.xmlbankasi.com/p1/lokman/image/data/resimler/ebegumeci-otu-50gr-pkt-3795.jpg,http://cdn1.xmlbankasi.com/p1/lokman/image/data/resimler/ebegumeci-otu-50gr-pkt-3796.jpg,http://cdn1.xmlbankasi.com/p1/lokman/image/data/resimler/ebegumeci-otu-50gr-pkt-13820.jpg,http://cdn1.xmlbankasi.com/p1/lokman/image/data/resimler/ebegumeci-otu-50gr-pkt-13821.jpg,113
8697603636440,108.07,4,Çörekotlu Karışık Bitkisel Çay 100 Gr Teneke Kutu,Lokman-34113,http://cdn1.xmlbankasi.com/p1/lokman/image/data/resimler/corekotlu-karisik-cay-100gr-tnk-3797.jpg,http://cdn1.xmlbankasi.com/p1/lokman/image/data/resimler/corekotlu-karisik-cay-100gr-tnk-3798.jpg,http://cdn1.xmlbankasi.com/p1/lokman/image/data/resimler/corekotlu-karisik-cay-100gr-tnk-3799.jpg,http://cdn1.xmlbankasi.com/p1/lokman/image/data/resimler/corekotlu-karisik-bitkisel-cay-100gr-tnk-13823.jpg,http://cdn1.xmlbankasi.com/p1/lokman/image/data/resimler/corekotlu-karisik-bitkisel-cay-100gr-tnk-13824.jpg,114
8697603633852,54.54,32,Doğal Ginkgo Biloba Yaprağı 50 Gr Paket,Lokman-34051,http://cdn1.xmlbankasi.com/p1/lokman/image/data/resimler/ginkgo-biloba-yapragi-50gr-pkt-3800.jpg,http://cdn1.xmlbankasi.com/p1/lokman/image/data/resimler/ginkgo-biloba-yapragi-50gr-pkt-3801.jpg,http://cdn1.xmlbankasi.com/p1/lokman/image/data/resimler/ginkgo-biloba-yapragi-50gr-pkt-3802.jpg,http://cdn1.xmlbankasi.com/p1/lokman/image/data/resimler/ginkgo-biloba-yapragi-50gr-pkt-13826.jpg,http://cdn1.xmlbankasi.com/p1/lokman/image/data/resimler/ginkgo-biloba-yapragi-50gr-pkt-13827.jpg,115
8697603625857,47.67,34,"Doğal Hatmi Çiceği, Gül Hatmi 50 Gr Paket",Lokman-34052,http://cdn1.xmlbankasi.com/p1/lokman/image/data/resimler/hatmi-cicegi-gul-hatmi-50gr-pkt-3803.jpg,http://cdn1.xmlbankasi.com/p1/lokman/image/data/resimler/hatmi-cicegi-gul-hatmi-50gr-pkt-3804.jpg,http://cdn1.xmlbankasi.com/p1/lokman/image/data/resimler/hatmi-cicegi-gul-hatmi-50gr-pkt-3805.jpg,http://cdn1.xmlbankasi.com/p1/lokman/image/data/resimler/hatmi-cicegi-gul-hatmi-50gr-pkt-13829.jpg,http://cdn1.xmlbankasi.com/p1/lokman/image/data/resimler/hatmi-cicegi-gul-hatmi-50gr-pkt-13830.jpg
8697603625437,38.38,39,Hindibağ Yaprağı Otu Doğal 50 Gr Paket,Lokman-34053,http://cdn1.xmlbankasi.com/p1/lokman/image/data/resimler/hindibag-otu-50gr-pkt-3806.jpg,http://cdn1.xmlbankasi.com/p1/lokman/image/data/resimler/hindibag-otu-50gr-pkt-3807.jpg,http://cdn1.xmlbankasi.com/p1/lokman/image/data/resimler/hindibag-otu-50gr-pkt-3808.jpg,http://cdn1.xmlbankasi.com/p1/lokman/image/data/resimler/hindibag-otu-50gr-pkt-13832.jpg,http://cdn1.xmlbankasi.com/p1/lokman/image/data/resimler/hindibag-otu-50gr-pkt-13833.jpg,117
8697603627950,34.79,38,Doğal Kiraz Sapı Kiraz Çöpü 50 Gr Paket,Lokman-34061,http://cdn1.xmlbankasi.com/p1/lokman/image/data/resimler/kiraz-sapi-kiraz-copu-50gr-pkt-3809.jpg,http://cdn1.xmlbankasi.com/p1/lokman/image/data/resimler/kiraz-sapi-kiraz-copu-50gr-pkt-3810.jpg,http://cdn1.xmlbankasi.com/p1/lokman/image/data/resimler/kiraz-sapi-kiraz-copu-50gr-pkt-3811.jpg,http://cdn1.xmlbankasi.com/p1/lokman/image/data/resimler/kiraz-sapi-kiraz-copu-50gr-pkt-13835.jpg,http://cdn1.xmlbankasi.com/p1/lokman/image/data/resimler/kiraz-sapi-kiraz-copu-50gr-pkt-13836.jpg,123
8697603628858,42.41,27,Doğal Melisa Otu Limon Otu 25 Gr Paket,Lokman-34062,http://cdn1.xmlbankasi.com/p1/lokman/image/data/resimler/melisa-limon-otu-25gr-pkt-3812.jpg,http://cdn1.xmlbankasi.com/p1/lokman/image/data/resimler/melisa-limon-otu-25gr-pkt-3813.jpg,http://cdn1.xmlbankasi.com/p1/lokman/image/data/resimler/melisa-limon-otu-25gr-pkt-3814.jpg,http://cdn1.xmlbankasi.com/p1/lokman/image/data/resimler/melisa-limon-otu-25gr-pkt-13838.jpg,http://cdn1.xmlbankasi.com/p1/lokman/image/data/resimler/melisa-limon-otu-25gr-pkt-13839.jpg,124
8697603636655,37.37,35,Meyan Kökü Sıyrılmış Çubuk Doğal 50 Gr Paket,Lokman-34063,http://cdn1.xmlbankasi.com/p1/lokman/image/data/resimler/meyan-koku-cubuk-50gr-pkt-3815.jpg,http://cdn1.xmlbankasi.com/p1/lokman/image/data/resimler/meyan-koku-cubuk-50gr-pkt-3816.jpg,http://cdn1.xmlbankasi.com/p1/lokman/image/data/resimler/meyan-koku-cubuk-50gr-pkt-3817.jpg,http://cdn1.xmlbankasi.com/p1/lokman/image/data/resimler/meyan-koku-cubuk-50gr-pkt-13841.jpg,http://cdn1.xmlbankasi.com/p1/lokman/image/data/resimler/meyan-koku-cubuk-50gr-pkt-13842.jpg,125
8697603636457,36.86,41,Meyan Kökü Lif Doğal 50 Gr Paket,Lokman-34064,http://cdn1.xmlbankasi.com/p1/lokman/image/data/resimler/meyan-koku-lif-50gr-pkt-3818.jpg,http://cdn1.xmlbankasi.com/p1/lokman/image/data/resimler/meyan-koku-lif-50gr-pkt-3819.jpg,http://cdn1.xmlbankasi.com/p1/lokman/image/data/resimler/meyan-koku-lif-50gr-pkt-3820.jpg,http://cdn1.xmlbankasi.com/p1/lokman/image/data/resimler/meyan-koku-lif-50gr-pkt-13844.jpg,http://cdn1.xmlbankasi.com/p1/lokman/image/data/resimler/meyan-koku-lif-50gr-pkt-13845.jpg,126
8697603629350,37.87,20,Mısır Püskülü Doğal 50 Gr Paket,Lokman-34065,http://cdn1.xmlbankasi.com/p1/lokman/image/data/resimler/misir-puskulu-50gr-pkt-3821.jpg,http://cdn1.xmlbankasi.com/p1/lokman/image/data/resimler/misir-puskulu-50gr-pkt-3822.jpg,http://cdn1.xmlbankasi.com/p1/lokman/image/data/resimler/misir-puskulu-50gr-pkt-3823.jpg,http://cdn1.xmlbankasi.com/p1/lokman/image/data/resimler/misir-puskulu-50gr-pkt-13847.jpg,http://cdn1.xmlbankasi.com/p1/lokman/image/data/resimler/misir-puskulu-50gr-pkt-13848.jpg,127
8697603630059,36.36,20,Doğal Oğul Otu Kovanotu 50 Gr Paket,Lokman-34066,http://cdn1.xmlbankasi.com/p1/lokman/image/data/resimler/ogul-otu-50gr-pkt-3824.jpg,http://cdn1.xmlbankasi.com/p1/lokman/image/data/resimler/ogul-otu-50gr-pkt-3825.jpg,http://cdn1.xmlbankasi.com/p1/lokman/image/data/resimler/ogul-otu-50gr-pkt-3826.jpg,http://cdn1.xmlbankasi.com/p1/lokman/image/data/resimler/ogul-otu-50gr-pkt-13850.jpg,http://cdn1.xmlbankasi.com/p1/lokman/image/data/resimler/ogul-otu-50gr-pkt-13851.jpg,128
8697603630158,37.37,23,Okaliptus Yaprağı Doğal 50 Gr Paket,Lokman-34067,http://cdn1.xmlbankasi.com/p1/lokman/image/data/resimler/okaliptus-yapragi-50gr-pkt-3827.jpg,http://cdn1.xmlbankasi.com/p1/lokman/image/data/resimler/okaliptus-yapragi-50gr-pkt-3828.jpg,http://cdn1.xmlbankasi.com/p1/lokman/image/data/resimler/okaliptus-yapragi-50gr-pkt-3829.jpg,http://cdn1.xmlbankasi.com/p1/lokman/image/data/resimler/okaliptus-yapragi-50gr-pkt-13853.jpg,http://cdn1.xmlbankasi.com/p1/lokman/image/data/resimler/okaliptus-yapragi-50gr-pkt-13854.jpg,129
8697603630455,60.6,20,Doğal Papatya Çiçeği 50 Gr Paket,Lokman-34068,http://cdn1.xmlbankasi.com/p1/lokman/image/data/resimler/papatya-50gr-pkt-3830.jpg,http://cdn1.xmlbankasi.com/p1/lokman/image/data/resimler/papatya-50gr-pkt-3831.jpg,http://cdn1.xmlbankasi.com/p1/lokman/image/data/resimler/papatya-50gr-pkt-3832.jpg,http://cdn1.xmlbankasi.com/p1/lokman/image/data/resimler/papatya-50gr-pkt-13856.jpg,http://cdn1.xmlbankasi.com/p1/lokman/image/data/resimler/papatya-50gr-pkt-13857.jpg,130
8697603633654,37.37,19,Sinameki Yaprağı Doğal 50 Gr Paket,Lokman-34069,http://cdn1.xmlbankasi.com/p1/lokman/image/data/resimler/sinameki-yapragi-50gr-pkt-3833.jpg,http://cdn1.xmlbankasi.com/p1/lokman/image/data/resimler/sinameki-yapragi-50gr-pkt-3834.jpg,http://cdn1.xmlbankasi.com/p1/lokman/image/data/resimler/sinameki-yapragi-50gr-pkt-3835.jpg,http://cdn1.xmlbankasi.com/p1/lokman/image/data/resimler/sinameki-yapragi-50gr-pkt-15020.jpg,http://cdn1.xmlbankasi.com/p1/lokman/image/data/resimler/sinameki-yapragi-50gr-pkt-15021.jpg,131
8697603632657,35.85,19,Şahtere Otu Doğal 50 Gr Paket,Lokman-34070,http://cdn1.xmlbankasi.com/p1/lokman/image/data/resimler/sahtere-otu-50gr-pkt-3837.jpg,http://cdn1.xmlbankasi.com/p1/lokman/image/data/resimler/sahtere-otu-50gr-pkt-3838.jpg,http://cdn1.xmlbankasi.com/p1/lokman/image/data/resimler/sahtere-otu-50gr-pkt-15023.jpg,http://cdn1.xmlbankasi.com/p1/lokman/image/data/resimler/sahtere-otu-50gr-pkt-15024.jpg,http://cdn1.xmlbankasi.com/p1/lokman/image/data/resimler/sahtere-otu-50gr-pkt-15025.jpg,132
8697603633456,37.37,17,Zahter Kekik Doğal 50 Gr Paket,Lokman-34071,http://cdn1.xmlbankasi.com/p1/lokman/image/data/resimler/zahter-kekik-50gr-pkt-3839.jpg,http://cdn1.xmlbankasi.com/p1/lokman/image/data/resimler/zahter-kekik-50gr-pkt-3840.jpg,http://cdn1.xmlbankasi.com/p1/lokman/image/data/resimler/zahter-kekik-50gr-pkt-3841.jpg,http://cdn1.xmlbankasi.com/p1/lokman/image/data/resimler/zahter-kekik-50gr-pkt-15026.jpg,http://cdn1.xmlbankasi.com/p1/lokman/image/data/resimler/zahter-kekik-50gr-pkt-15027.jpg,133
8697603613052,56.56,22,Afrika Bamya Çiçeği Hibiskus Mekke Gülü Doğal 100 Gr Paket,Lokman-34073,http://cdn1.xmlbankasi.com/p1/lokman/image/data/resimler/hibiskus-bamya-cicegi-100gr-pkt-3842.jpg,http://cdn1.xmlbankasi.com/p1/lokman/image/data/resimler/hibiskus-bamya-cicegi-100gr-pkt-3843.jpg,http://cdn1.xmlbankasi.com/p1/lokman/image/data/resimler/hibiskus-bamya-cicegi-100gr-pkt-3844.jpg,http://cdn1.xmlbankasi.com/p1/lokman/image/data/resimler/hibiskus-bamya-cicegi-100gr-pkt-15029.jpg,http://cdn1.xmlbankasi.com/p1/lokman/image/data/resimler/hibiskus-bamya-cicegi-100gr-pkt-15030.jpg,134
8697603624850,37.37,14,Funda Yaprağı Otu Doğal 100 Gr Paket,Lokman-34074,http://cdn1.xmlbankasi.com/p1/lokman/image/data/resimler/funda-otu-100gr-pkt-136.jpg,http://cdn1.xmlbankasi.com/p1/lokman/image/data/resimler/funda-otu-100gr-pkt-2032.jpg,http://cdn1.xmlbankasi.com/p1/lokman/image/data/resimler/funda-otu-100gr-pkt-2033.jpg,http://cdn1.xmlbankasi.com/p1/lokman/image/data/resimler/funda-otu-100gr-pkt-2034.jpg,http://cdn1.xmlbankasi.com/p1/lokman/image/data/resimler/funda-otu-100gr-pkt-2035.jpg,135
8697603628650,42.41,9,Lavanta Çiçeği Doğal 100 Gr Paket,Lokman-34079,http://cdn1.xmlbankasi.com/p1/lokman/image/data/resimler/lavanta-cicegi-100gr-pkt-3845.jpg,http://cdn1.xmlbankasi.com/p1/lokman/image/data/resimler/lavanta-cicegi-100gr-pkt-3846.jpg,http://cdn1.xmlbankasi.com/p1/lokman/image/data/resimler/lavanta-cicegi-100gr-pkt-3847.jpg,http://cdn1.xmlbankasi.com/p1/lokman/image/data/resimler/lavanta-cicegi-100gr-pkt-15033.jpg,http://cdn1.xmlbankasi.com/p1/lokman/image/data/resimler/lavanta-cicegi-100gr-pkt-15034.jpg,136
8697603630752,37.37,13,Rezene Doğal Tane Rezene Tohumu 100 Gr Paket,Lokman-34080,http://cdn1.xmlbankasi.com/p1/lokman/image/data/resimler/rezene-tohumu-100gr-pkt-3848.jpg,http://cdn1.xmlbankasi.com/p1/lokman/image/data/resimler/rezene-tohumu-100gr-pkt-3849.jpg,http://cdn1.xmlbankasi.com/p1/lokman/image/data/resimler/rezene-tohumu-100gr-pkt-3850.jpg,http://cdn1.xmlbankasi.com/p1/lokman/image/data/resimler/rezene-tohumu-100gr-pkt-15036.jpg,http://cdn1.xmlbankasi.com/p1/lokman/image/data/resimler/rezene-tohumu-100gr-pkt-15037.jpg,137
8697603611355,66.66,13,Yeşil Çay 1. Kalite Doğal İthal Çay 100 Gr Paket,Lokman-34083,http://cdn1.xmlbankasi.com/p1/lokman/image/data/resimler/yesilcay-100gr-pkt-3851.jpg,http://cdn1.xmlbankasi.com/p1/lokman/image/data/resimler/yesilcay-100gr-pkt-3852.jpg,http://cdn1.xmlbankasi.com/p1/lokman/image/data/resimler/yesilcay-100gr-pkt-3853.jpg,http://cdn1.xmlbankasi.com/p1/lokman/image/data/resimler/yesilcay-100gr-pkt-15039.jpg,http://cdn1.xmlbankasi.com/p1/lokman/image/data/resimler/yesilcay-100gr-pkt-15040.jpg,138
8697603621149,53.43,4,Doğal Aslanpençesi Otu 100 Gr Teneke Kutu,Lokman-34087,http://cdn1.xmlbankasi.com/p1/lokman/image/data/resimler/aslanpencesi-otu-100gr-tnk-3854.jpg,http://cdn1.xmlbankasi.com/p1/lokman/image/data/resimler/aslanpencesi-otu-100gr-tnk-3855.jpg,http://cdn1.xmlbankasi.com/p1/lokman/image/data/resimler/aslanpencesi-otu-100gr-tnk-3856.jpg,http://cdn1.xmlbankasi.com/p1/lokman/image/data/resimler/aslanpencesi-otu-100gr-tnk-15042.jpg,http://cdn1.xmlbankasi.com/p1/lokman/image/data/resimler/aslanpencesi-otu-100gr-tnk-15043.jpg,139
8697603623747,53.43,4,Doğal Civanperçemi Otu 100 Gr Teneke Kutu,Lokman-34088,http://cdn1.xmlbankasi.com/p1/lokman/image/data/resimler/civanpercemi-otu-100gr-tnk-3857.jpg,http://cdn1.xmlbankasi.com/p1/lokman/image/data/resimler/civanpercemi-otu-100gr-tnk-3858.jpg,http://cdn1.xmlbankasi.com/p1/lokman/image/data/resimler/civanpercemi-otu-100gr-tnk-3859.jpg,http://cdn1.xmlbankasi.com/p1/lokman/image/data/resimler/civanpercemi-otu-100gr-tnk-15045.jpg,http://cdn1.xmlbankasi.com/p1/lokman/image/data/resimler/civanpercemi-otu-100gr-tnk-15046.jpg,140
8697603626649,53.53,8,Doğal Isırgan Otu Yaprağı 100 Gr Teneke Kutu,Lokman-34099,http://cdn1.xmlbankasi.com/p1/lokman/image/data/resimler/isirgan-otu-yapragi-100gr-tnk-3860.jpg,http://cdn1.xmlbankasi.com/p1/lokman/image/data/resimler/isirgan-otu-yapragi-100gr-tnk-3861.jpg,http://cdn1.xmlbankasi.com/p1/lokman/image/data/resimler/isirgan-otu-yapragi-100gr-tnk-3862.jpg,http://cdn1.xmlbankasi.com/p1/lokman/image/data/resimler/isirgan-otu-yapragi-100gr-tnk-15048.jpg,http://cdn1.xmlbankasi.com/p1/lokman/image/data/resimler/isirgan-otu-yapragi-100gr-tnk-15049.jpg,141
8697603612741,88.17,4,Doğal Ginkgo Biloba Yaprağı 100 Gr Teneke Kutu,Lokman-34102,http://cdn1.xmlbankasi.com/p1/lokman/image/data/resimler/ginkgo-biloba-yapragi-100gr-tnk-3863.jpg,http://cdn1.xmlbankasi.com/p1/lokman/image/data/resimler/ginkgo-biloba-yapragi-100gr-tnk-3864.jpg,http://cdn1.xmlbankasi.com/p1/lokman/image/data/resimler/ginkgo-biloba-yapragi-100gr-tnk-3865.jpg,http://cdn1.xmlbankasi.com/p1/lokman/image/data/resimler/ginkgo-biloba-yapragi-100gr-tnk-15051.jpg,http://cdn1.xmlbankasi.com/p1/lokman/image/data/resimler/ginkgo-biloba-yapragi-100gr-tnk-15052.jpg,142
8697603626342,77.16,2,Doğal Ihlamur Çiçeği 50 Gr Teneke Kutu,Lokman-34105,http://cdn1.xmlbankasi.com/p1/lokman/image/data/resimler/ihlamur-cicegi-50gr-tnk-3866.jpg,http://cdn1.xmlbankasi.com/p1/lokman/image/data/resimler/ihlamur-cicegi-50gr-tnk-3867.jpg,http://cdn1.xmlbankasi.com/p1/lokman/image/data/resimler/ihlamur-cicegi-50gr-tnk-3868.jpg,http://cdn1.xmlbankasi.com/p1/lokman/image/data/resimler/ihlamur-cicegi-50gr-tnk-14350.jpg,http://cdn1.xmlbankasi.com/p1/lokman/image/data/resimler/ihlamur-cicegi-50gr-tnk-14351.jpg,143
8697603613045,64.39,11,Afrika Bamya Çiçeği Hibiskus Mekke Gülü Doğal 100 Gr Teneke Kutu,Lokman-34108,http://cdn1.xmlbankasi.com/p1/lokman/image/data/resimler/hibiskus-bamya-cicegi-100gr-tnk-3869.jpg,http://cdn1.xmlbankasi.com/p1/lokman/image/data/resimler/hibiskus-bamya-cicegi-100gr-tnk-3870.jpg,http://cdn1.xmlbankasi.com/p1/lokman/image/data/resimler/hibiskus-bamya-cicegi-100gr-tnk-3871.jpg,http://cdn1.xmlbankasi.com/p1/lokman/image/data/resimler/hibiskus-bamya-cicegi-100gr-tnk-15054.jpg,http://cdn1.xmlbankasi.com/p1/lokman/image/data/resimler/hibiskus-bamya-cicegi-100gr-tnk-15055.jpg,144
8697603640041,66.64,10,Yeşil Çay 1. Kalite Doğal İthal Çay 100 Gr Teneke Kutu,Lokman-34109,http://cdn1.xmlbankasi.com/p1/lokman/image/data/resimler/yesilcay-100gr-tnk-3872.jpg,http://cdn1.xmlbankasi.com/p1/lokman/image/data/resimler/yesilcay-100gr-tnk-3873.jpg,http://cdn1.xmlbankasi.com/p1/lokman/image/data/resimler/yesilcay-100gr-tnk-3874.jpg,http://cdn1.xmlbankasi.com/p1/lokman/image/data/resimler/yesilcay-100gr-tnk-15057.jpg,http://cdn1.xmlbankasi.com/p1/lokman/image/data/resimler/yesilcay-100gr-tnk-15058.jpg,145
8697603620340,50.5,3,Adaçayı Doğal 50 Gr Teneke Kutu,Lokman-34085,http://cdn1.xmlbankasi.com/p1/lokman/image/data/resimler/adacayi-50gr-tnk-3875.jpg,http://cdn1.xmlbankasi.com/p1/lokman/image/data/resimler/adacayi-50gr-tnk-3876.jpg,http://cdn1.xmlbankasi.com/p1/lokman/image/data/resimler/adacayi-50gr-tnk-3877.jpg,http://cdn1.xmlbankasi.com/p1/lokman/image/data/resimler/adacayi-50gr-tnk-14337.jpg,http://cdn1.xmlbankasi.com/p1/lokman/image/data/resimler/adacayi-50gr-tnk-14338.jpg,146
8697603633715,37.37,21,Ekinezya Bitkisi Doğal 50 Gr Paket,Lokman-34050,http://cdn1.xmlbankasi.com/p1/lokman/image/data/resimler/ekinezya-bitkisi-50gr-pkt-3878.jpg,http://cdn1.xmlbankasi.com/p1/lokman/image/data/resimler/ekinezya-bitkisi-50gr-pkt-3879.jpg,http://cdn1.xmlbankasi.com/p1/lokman/image/data/resimler/ekinezya-bitkisi-50gr-pkt-3880.jpg,http://cdn1.xmlbankasi.com/p1/lokman/image/data/resimler/ekinezya-bitkisi-50gr-pkt-15060.jpg,http://cdn1.xmlbankasi.com/p1/lokman/image/data/resimler/ekinezya-bitkisi-50gr-pkt-15061.jpg,148
8904033600041,42.42,324,Kızıl Hint Kınası (Burgundy Henna) 10 Gr Paket,Lokman-34140,http://cdn1.xmlbankasi.com/p1/lokman/image/data/resimler/kizil-hint-kinasi-10gr-4221.jpg,http://cdn1.xmlbankasi.com/p1/lokman/image/data/resimler/kizil-hint-kinasi-10gr-4217.jpg,http://cdn1.xmlbankasi.com/p1/lokman/image/data/resimler/kizil-hint-kinasi-10gr-4220.jpg,http://cdn1.xmlbankasi.com/p1/lokman/image/data/resimler/kizil-hint-kinasi-10gr-pkt-13757.jpg,http://cdn1.xmlbankasi.com/p1/lokman/image/data/resimler/kizil-hint-kinasi-10gr-pkt-13758.jpg,149
8694557923015,74.74,31,Arı Sütü Bal Polen Karışımı 225 Gr,LOKMAN-9004,http://cdn1.xmlbankasi.com/p1/lokman/image/data/resimler/ari-sutu-bal-polen-karisimi-225gr-4178.jpg,http://cdn1.xmlbankasi.com/p1/lokman/image/data/resimler/ari-sutu-bal-polen-karisimi-225gr-4179.jpg,http://cdn1.xmlbankasi.com/p1/lokman/image/data/resimler/ari-sutu-bal-polen-karisimi-225gr-4180.jpg,http://cdn1.xmlbankasi.com/p1/lokman/image/data/resimler/ari-sutu-bal-polen-karisimi-225gr-4181.jpg,http://cdn1.xmlbankasi.com/p1/lokman/image/data/resimler/ari-sutu-bal-polen-karisimi-225gr-16727.jpg,150
8697451928018,74.74,70,Arı Sütü Süper Doz Special 100Gr 10Şişe,LOKMAN-9006,http://cdn1.xmlbankasi.com/p1/lokman/image/data/resimler/ari-sutu-super-doz-10ad-4185.jpg,http://cdn1.xmlbankasi.com/p1/lokman/image/data/resimler/ari-sutu-super-doz-10ad-4182.jpg,http://cdn1.xmlbankasi.com/p1/lokman/image/data/resimler/ari-sutu-super-doz-10ad-4183.jpg,http://cdn1.xmlbankasi.com/p1/lokman/image/data/resimler/ari-sutu-super-doz-10ad-4184.jpg,http://cdn1.xmlbankasi.com/p1/lokman/image/data/resimler/ari-sutu-super-doz-special-100gr-10sise-13171.jpg,151
